java-design-patterns,https://github.com/iluwatar/java-design-patterns,github
RxJava,https://github.com/ReactiveX/RxJava,github
spring-boot,https://github.com/spring-projects/spring-boot,github
JavaGuide,https://github.com/Snailclimb/JavaGuide,github
Interviews,https://github.com/kdn251/Interviews,github
elasticsearch,https://github.com/elastic/elasticsearch,github
guava,https://github.com/google/guava,github
okhttp,https://github.com/square/okhttp,github
retrofit,https://github.com/square/retrofit,github
spring-framework,https://github.com/spring-projects/spring-framework,github
Interview-Notebook,https://github.com/CyC2018/Interview-Notebook,github
